﻿pos_x,pos_y,rotation,side,designator,mpn,pack,footprint,value,mount_type
91.5,-78.25,90.0,top,C1,,,C_0805_2012Metric,100nF,smt
127.378773,-42.967177,90.0,top,C10,,,C_0805_2012Metric,4.7µF,smt
125.277005,-42.9525,90.0,top,C11,,,C_0805_2012Metric,100nF,smt
137.243577,-65.311193,-90.0,top,C12,,,C_0805_2012Metric,100nF,smt
139.296712,-65.322532,-90.0,top,C13,,,C_0805_2012Metric,4.7µF,smt
164.857997,-71.0,0.0,top,C14,,,C_0805_2012Metric,100nF,smt
155.020773,-42.967177,90.0,top,C15,,,C_0805_2012Metric,4.7µF,smt
152.919005,-42.9525,90.0,top,C16,,,C_0805_2012Metric,100nF,smt
164.885577,-65.311193,-90.0,top,C17,,,C_0805_2012Metric,100nF,smt
166.938712,-65.322532,-90.0,top,C18,,,C_0805_2012Metric,4.7µF,smt
192.499997,-71.0,0.0,top,C19,,,C_0805_2012Metric,100nF,smt
94.5,-87.5,-90.0,top,C2,,,C_0805_2012Metric,100nF,smt
182.662773,-42.967177,90.0,top,C20,,,C_0805_2012Metric,4.7µF,smt
180.561005,-42.9525,90.0,top,C21,,,C_0805_2012Metric,100nF,smt
192.527577,-65.311193,-90.0,top,C22,,,C_0805_2012Metric,100nF,smt
194.580712,-65.322532,-90.0,top,C23,,,C_0805_2012Metric,4.7µF,smt
220.141997,-71.0,0.0,top,C24,,,C_0805_2012Metric,100nF,smt
210.304773,-42.967177,90.0,top,C25,,,C_0805_2012Metric,4.7µF,smt
208.203005,-42.9525,90.0,top,C26,,,C_0805_2012Metric,100nF,smt
220.169577,-65.311193,-90.0,top,C27,,,C_0805_2012Metric,100nF,smt
222.222712,-65.322532,-90.0,top,C28,,,C_0805_2012Metric,4.7µF,smt
247.783997,-71.0,0.0,top,C29,,,C_0805_2012Metric,100nF,smt
255.0,-89.367677,90.0,top,C3,ECA-1HM471,,CP_Radial_D10.0mm_P5.00mm,ECA-1HM471,tht
237.946773,-42.967177,90.0,top,C30,,,C_0805_2012Metric,4.7µF,smt
235.845005,-42.9525,90.0,top,C31,,,C_0805_2012Metric,100nF,smt
247.811577,-65.311193,-90.0,top,C32,,,C_0805_2012Metric,100nF,smt
249.864712,-65.322532,-90.0,top,C33,,,C_0805_2012Metric,4.7µF,smt
235.456004,-99.113612,180.0,top,C34,,,C_0805_2012Metric,100nF,smt
245.293226,-127.146435,-90.0,top,C35,,,C_0805_2012Metric,4.7µF,smt
247.394994,-127.161112,-90.0,top,C36,,,C_0805_2012Metric,100nF,smt
235.428424,-104.802419,90.0,top,C37,,,C_0805_2012Metric,100nF,smt
233.375289,-104.79108,90.0,top,C38,,,C_0805_2012Metric,4.7µF,smt
207.864004,-98.863612,180.0,top,C39,,,C_0805_2012Metric,100nF,smt
109.573997,-71.0,0.0,top,C4,,,C_0805_2012Metric,100nF,smt
217.701226,-126.896435,-90.0,top,C40,,,C_0805_2012Metric,4.7µF,smt
219.802994,-126.911112,-90.0,top,C41,,,C_0805_2012Metric,100nF,smt
207.836424,-104.552419,90.0,top,C42,,,C_0805_2012Metric,100nF,smt
205.783289,-104.54108,90.0,top,C43,,,C_0805_2012Metric,4.7µF,smt
180.272004,-98.863612,180.0,top,C44,,,C_0805_2012Metric,100nF,smt
190.109226,-126.896435,-90.0,top,C45,,,C_0805_2012Metric,4.7µF,smt
192.210994,-126.911112,-90.0,top,C46,,,C_0805_2012Metric,100nF,smt
180.244424,-104.552419,90.0,top,C47,,,C_0805_2012Metric,100nF,smt
178.191289,-104.54108,90.0,top,C48,,,C_0805_2012Metric,4.7µF,smt
152.680004,-98.863612,180.0,top,C49,,,C_0805_2012Metric,100nF,smt
99.736773,-42.967177,90.0,top,C5,,,C_0805_2012Metric,4.7µF,smt
162.517226,-126.896435,-90.0,top,C50,,,C_0805_2012Metric,4.7µF,smt
164.618994,-126.911112,-90.0,top,C51,,,C_0805_2012Metric,100nF,smt
152.652424,-104.552419,90.0,top,C52,,,C_0805_2012Metric,100nF,smt
150.599289,-104.54108,90.0,top,C53,,,C_0805_2012Metric,4.7µF,smt
125.088004,-98.863612,180.0,top,C54,,,C_0805_2012Metric,100nF,smt
134.925226,-126.896435,-90.0,top,C55,,,C_0805_2012Metric,4.7µF,smt
137.026994,-126.911112,-90.0,top,C56,,,C_0805_2012Metric,100nF,smt
125.060424,-104.552419,90.0,top,C57,,,C_0805_2012Metric,100nF,smt
123.007289,-104.54108,90.0,top,C58,,,C_0805_2012Metric,4.7µF,smt
97.496004,-98.863612,180.0,top,C59,,,C_0805_2012Metric,100nF,smt
97.635005,-42.9525,90.0,top,C6,,,C_0805_2012Metric,100nF,smt
107.333226,-126.896435,-90.0,top,C60,,,C_0805_2012Metric,4.7µF,smt
109.434994,-126.911112,-90.0,top,C61,,,C_0805_2012Metric,100nF,smt
97.468424,-104.552419,90.0,top,C62,,,C_0805_2012Metric,100nF,smt
95.415289,-104.54108,90.0,top,C63,,,C_0805_2012Metric,4.7µF,smt
109.601577,-65.311193,-90.0,top,C7,,,C_0805_2012Metric,100nF,smt
111.654712,-65.322532,-90.0,top,C8,,,C_0805_2012Metric,4.7µF,smt
137.215997,-71.0,0.0,top,C9,,,C_0805_2012Metric,100nF,smt
48.25,-66.42,0.0,top,J1,,,PinHeader_1x05_P2.54mm_Vertical,rotary_encoder,tht
45.625,-111.975,90.0,top,J2,,,PinSocket_1x08_P2.54mm_Vertical,DCF77 board,tht
75.0,-53.8,180.0,top,J3,,,PinHeader_1x04_P2.54mm_Vertical,RTC,tht
44.5,-76.58,180.0,top,J4,,,PinHeader_1x05_P2.54mm_Vertical,rotary_encoder,tht
93.685,-47.0475,-90.0,top,M1,,,JST_PH_B8B-PH-K_1x08_P2.00mm_Vertical,Conn motor 0,tht
223.953,-61.0475,90.0,top,M10,,,JST_PH_B8B-PH-K_1x08_P2.00mm_Vertical,Conn motor 1,tht
231.895,-47.0475,-90.0,top,M11,,,JST_PH_B8B-PH-K_1x08_P2.00mm_Vertical,Conn motor 0,tht
251.595,-61.0475,90.0,top,M12,,,JST_PH_B8B-PH-K_1x08_P2.00mm_Vertical,Conn motor 1,tht
251.345,-123.066112,90.0,top,M13,,,JST_PH_B8B-PH-K_1x08_P2.00mm_Vertical,Conn motor 0,tht
231.645,-109.066112,-90.0,top,M14,,,JST_PH_B8B-PH-K_1x08_P2.00mm_Vertical,Conn motor 1,tht
223.753,-122.816112,90.0,top,M15,,,JST_PH_B8B-PH-K_1x08_P2.00mm_Vertical,Conn motor 0,tht
204.053,-108.816112,-90.0,top,M16,,,JST_PH_B8B-PH-K_1x08_P2.00mm_Vertical,Conn motor 1,tht
196.161,-122.816112,90.0,top,M17,,,JST_PH_B8B-PH-K_1x08_P2.00mm_Vertical,Conn motor 0,tht
176.461,-108.816112,-90.0,top,M18,,,JST_PH_B8B-PH-K_1x08_P2.00mm_Vertical,Conn motor 1,tht
168.569,-122.816112,90.0,top,M19,,,JST_PH_B8B-PH-K_1x08_P2.00mm_Vertical,Conn motor 0,tht
113.385,-61.0475,90.0,top,M2,,,JST_PH_B8B-PH-K_1x08_P2.00mm_Vertical,Conn motor 1,tht
148.869,-108.816112,-90.0,top,M20,,,JST_PH_B8B-PH-K_1x08_P2.00mm_Vertical,Conn motor 1,tht
140.977,-122.816112,90.0,top,M21,,,JST_PH_B8B-PH-K_1x08_P2.00mm_Vertical,Conn motor 0,tht
121.277,-108.816112,-90.0,top,M22,,,JST_PH_B8B-PH-K_1x08_P2.00mm_Vertical,Conn motor 1,tht
113.385,-122.816112,90.0,top,M23,,,JST_PH_B8B-PH-K_1x08_P2.00mm_Vertical,Conn motor 0,tht
93.685,-108.816112,-90.0,top,M24,,,JST_PH_B8B-PH-K_1x08_P2.00mm_Vertical,Conn motor 1,tht
121.327,-47.0475,-90.0,top,M3,,,JST_PH_B8B-PH-K_1x08_P2.00mm_Vertical,Conn motor 0,tht
141.027,-61.0475,90.0,top,M4,,,JST_PH_B8B-PH-K_1x08_P2.00mm_Vertical,Conn motor 1,tht
148.969,-47.0475,-90.0,top,M5,,,JST_PH_B8B-PH-K_1x08_P2.00mm_Vertical,Conn motor 0,tht
168.669,-61.0475,90.0,top,M6,,,JST_PH_B8B-PH-K_1x08_P2.00mm_Vertical,Conn motor 1,tht
176.611,-47.0475,-90.0,top,M7,,,JST_PH_B8B-PH-K_1x08_P2.00mm_Vertical,Conn motor 0,tht
196.311,-61.0475,90.0,top,M8,,,JST_PH_B8B-PH-K_1x08_P2.00mm_Vertical,Conn motor 1,tht
204.253,-47.0475,-90.0,top,M9,,,JST_PH_B8B-PH-K_1x08_P2.00mm_Vertical,Conn motor 0,tht
53.5,-100.1625,90.0,top,R1,,,R_0805_2012Metric,10k,smt
51.25,-82.5,-90.0,top,R2,,,R_0805_2012Metric,10k,smt
50.25,-94.5,180.0,top,S1,FSM2JAH,,FSM4JH,Button shutdown,tht
50.25,-87.75,180.0,top,S2,FSM2JAH,,FSM4JH,Button mode,tht
70.1125,-84.9239,0.0,top,U1,,None,ESP32-C3-DEVKITM-1_XCVR_ESP32-C3-DEVKITM-1,ESP32-C3-DEVKITM-1,tht
186.461,-54.0475,0.0,top,U10,,,SOP-28_8.4x18.16mm_P1.27mm,VID6606,smt
213.203005,-68.2025,-90.0,top,U11,,,SOIC-16_3.9x9.9mm_P1.27mm,74HCT595,smt
214.103,-54.0475,0.0,top,U12,,,SOP-28_8.4x18.16mm_P1.27mm,VID6606,smt
240.845005,-68.2025,-90.0,top,U13,,,SOIC-16_3.9x9.9mm_P1.27mm,74HCT595,smt
241.745,-54.0475,0.0,top,U14,,,SOP-28_8.4x18.16mm_P1.27mm,VID6606,smt
242.394995,-101.911112,90.0,top,U15,,,SOIC-16_3.9x9.9mm_P1.27mm,74HCT595,smt
241.495,-116.066112,180.0,top,U16,,,SOP-28_8.4x18.16mm_P1.27mm,VID6606,smt
214.802995,-101.661112,90.0,top,U17,,,SOIC-16_3.9x9.9mm_P1.27mm,74HCT595,smt
213.903,-115.816112,180.0,top,U18,,,SOP-28_8.4x18.16mm_P1.27mm,VID6606,smt
187.210995,-101.661112,90.0,top,U19,,,SOIC-16_3.9x9.9mm_P1.27mm,74HCT595,smt
93.0,-83.0,-90.0,top,U2,,,VSSOP-8_2.3x2mm_P0.5mm,TXB0102DCT,smt
186.311,-115.816112,180.0,top,U20,,,SOP-28_8.4x18.16mm_P1.27mm,VID6606,smt
159.618995,-101.661112,90.0,top,U21,,,SOIC-16_3.9x9.9mm_P1.27mm,74HCT595,smt
158.719,-115.816112,180.0,top,U22,,,SOP-28_8.4x18.16mm_P1.27mm,VID6606,smt
132.026995,-101.661112,90.0,top,U23,,,SOIC-16_3.9x9.9mm_P1.27mm,74HCT595,smt
131.127,-115.816112,180.0,top,U24,,,SOP-28_8.4x18.16mm_P1.27mm,VID6606,smt
104.434995,-101.661112,90.0,top,U25,,,SOIC-16_3.9x9.9mm_P1.27mm,74HCT595,smt
103.535,-115.816112,180.0,top,U26,,,SOP-28_8.4x18.16mm_P1.27mm,VID6606,smt
102.635005,-68.2025,-90.0,top,U3,,,SOIC-16_3.9x9.9mm_P1.27mm,74HCT595,smt
103.535,-54.0475,0.0,top,U4,,,SOP-28_8.4x18.16mm_P1.27mm,VID6606,smt
130.277005,-68.2025,-90.0,top,U5,,,SOIC-16_3.9x9.9mm_P1.27mm,74HCT595,smt
131.177,-54.0475,0.0,top,U6,,,SOP-28_8.4x18.16mm_P1.27mm,VID6606,smt
157.919005,-68.2025,-90.0,top,U7,,,SOIC-16_3.9x9.9mm_P1.27mm,74HCT595,smt
158.819,-54.0475,0.0,top,U8,,,SOP-28_8.4x18.16mm_P1.27mm,VID6606,smt
185.561005,-68.2025,-90.0,top,U9,,,SOIC-16_3.9x9.9mm_P1.27mm,74HCT595,smt
262.75,-89.75,90.0,top,VCC_DCDC1,,,TestPoint_Keystone_5005-5009_Compact,VCC 5V,tht
