﻿Designator,Quantity,Value,Footprint,Package,MPN,DNP,Mount_Type,Description,Height,Manufacturer_Name,Arrow Part Number,Arrow Price/Stock,Mouser Part Number,Mouser Price/Stock,MF,Description_1,Price,Check_prices,STANDARD,SnapEDA_Link,MP,Availability,MANUFACTURER
"C1, C11, C12, C14, C16, C17, C19, C2, C21, C22, C24, C26, C27, C29, C31, C32, C34, C36, C37, C39, C4, C41, C42, C44, C46, C47, C49, C51, C52, C54, C56, C57, C59, C6, C61, C62, C7, C9",38,100nF,C_0805_2012Metric,,,,smt,Unpolarized capacitor,,,,,,,,,,,,,,,
"C10, C13, C15, C18, C20, C23, C25, C28, C30, C33, C35, C38, C40, C43, C45, C48, C5, C50, C53, C55, C58, C60, C63, C8",24,4.7µF,C_0805_2012Metric,,,,smt,Unpolarized capacitor,,,,,,,,,,,,,,,
C3,1,ECA-1HM471,CAPPRD500W65D1000H2200,,ECA-1HM471,,tht,"PANASONIC - ECA-1HM471 - Electrolytic Capacitor, 470 F, 50 V, M Series, +/- 20%, Radial Leaded, 10 mm",22,Panasonic,ECA-1HM471,https://www.arrow.com/en/products/eca-1hm471/panasonic,,,,,,,,,,,
"CM1, CM11, CM13, CM15, CM17, CM19, CM21, CM23, CM3, CM5, CM7, CM9",12,Conn motor 0,JST_PH_B8B-PH-K_1x08_P2.00mm_Vertical,,,,tht,"Generic connector, single row, 01x08, script generated (kicad-library-utils/schlib/autogen/connector/)",,,,,,,,,,,,,,,
"CM10, CM12, CM14, CM16, CM18, CM2, CM20, CM22, CM24, CM4, CM6, CM8",12,Conn motor 1,JST_PH_B8B-PH-K_1x08_P2.00mm_Vertical,,,,tht,"Generic connector, single row, 01x08, script generated (kicad-library-utils/schlib/autogen/connector/)",,,,,,,,,,,,,,,
GND_DCDC1,1,GND,TestPoint_Keystone_5000-5004_Miniature,,,,tht,test point,,,,,,,,,,,,,,,
J1,1,rotary_encoder,PinHeader_1x05_P2.54mm_Vertical,,,,tht,"Generic connector, single row, 01x05, script generated",,,,,,,,,,,,,,,
J2,1,DCF77 board,PinSocket_1x08_P2.54mm_Vertical,,,,tht,"Generic connector, single row, 01x08, script generated",,,,,,,,,,,,,,,
J3,1,RTC,PinHeader_1x04_P2.54mm_Vertical,,,,tht,"Generic connector, single row, 01x04, script generated",,,,,,,,,,,,,,,
JP1,1,Jumper_2_Open,TestPoint_2Pads_Pitch2.54mm_Drill0.8mm,,,,tht,"Jumper, 2-pole, open",,,,,,,,,,,,,,,
"R1, R2",2,10k,R_0805_2012Metric,,,,smt,Resistor,,,,,,,,,,,,,,,
S1,1,Button shutdown,FSM4JH,,FSM2JAH,,tht,"6x6mm tactile switch,4.3mm H 2.6N Red Button Tactile Switch, SPST 50 mA@ 24 V dc 0.7mm",,TE Connectivity,,,506-FSM2JAH,https://www.mouser.co.uk/ProductDetail/TE-Connectivity-PB/FSM2JAH?qs=Of7OaoM7rsH02ckr%252BGLHNA%3D%3D,,,,,,,,,
S2,1,Button mode,FSM4JH,,FSM2JAH,,tht,"6x6mm tactile switch,4.3mm H 2.6N Red Button Tactile Switch, SPST 50 mA@ 24 V dc 0.7mm",,TE Connectivity,,,506-FSM2JAH,https://www.mouser.co.uk/ProductDetail/TE-Connectivity-PB/FSM2JAH?qs=Of7OaoM7rsH02ckr%252BGLHNA%3D%3D,,,,,,,,,
TP1,1,TP_VCC,TestPoint_Pad_1.5x1.5mm,,,,tht,test point,,,,,,,,,,,,,,,
TP2,1,TP_GND,TestPoint_Pad_1.5x1.5mm,,,,tht,test point,,,,,,,,,,,,,,,
TP3,1,TP_SHIFT_CLK,TestPoint_Pad_2.0x2.0mm,,,,tht,test point,,,,,,,,,,,,,,,
TP4,1,TP_LATCH_CLK,TestPoint_Pad_2.0x2.0mm,,,,tht,test point,,,,,,,,,,,,,,,
TP5,1,AM_DATA,TestPoint_Pad_1.5x1.5mm,,,,tht,test point,,,,,,,,,,,,,,,
U1,1,ESP32-C3-DEVKITM-1,ESP32-C3-DEVKITM-1_XCVR_ESP32-C3-DEVKITM-1,None,,,tht,,,,,,,,Espressif Systems,"
                        
                            WiFi Development Tools (802.11) (ENGINEERING SAMPLE ONLY) ESP32-C3 General-Purpose Dev Board, Embeds ESP32-C3-MINI-1, 4 MB Flash, w/ Pin Header
                        
",None,https://www.snapeda.com/parts/ESP32-C3-DEVKITM-1/Espressif+Systems/view-part/?ref=eda,Manufacturer Recommendations,https://www.snapeda.com/parts/ESP32-C3-DEVKITM-1/Espressif+Systems/view-part/?ref=snap,ESP32-C3-DEVKITM-1,In Stock,Espressif
"U10, U12, U14, U16, U18, U20, U22, U24, U26, U4, U6, U8",12,VID6606,SOP-28_8.4x18.16mm_P1.27mm,,,,smt,Also X.12.017,,,,,,,,,,,,,,,
"U11, U13, U15, U17, U19, U21, U23, U25, U3, U5, U7, U9",12,74HCT595,SOIC-16_3.9x9.9mm_P1.27mm,,,,smt,8-bit serial in/out Shift Register 3-State Outputs,,,,,,,,,,,,,,,
U2,1,TXB0102DCT,TSSOP-8_3x3mm_P0.65mm,,,,smt,"2-Bit Bidirectional Voltage-Level Translator With Auto Direction Sensing and ±15-kV ESD Protection, TSSOP-8",,,,,,,,,,,,,,,
VCC_DCDC1,1,VCC 5V,TestPoint_Keystone_5000-5004_Miniature,,,,tht,test point,,,,,,,,,,,,,,,
